Category,Profit_Per_Visitor
Urban,6.730040995102082
Nature,5.005378333589564
Beach,2.8511191963429976
Historical,2.8426274990784157
Cultural,1.9086163808814356
Adventure,1.86734392003495
