Algorithm,Accuracy
ID3,0.6502504173622704
kNN Classification,0.7696160267111853
AdaBoost,0.7979966611018364
ID3,0.6502504173622704
